! Vector Network Analyzer VNA R2,,,,,,,
! Tucson Amateur Packet Radio,,,,,,,
! Friday, March 02, 2012   2:56:46 PM,,,,,
50+j0,50,,Unity,1,,,
,,,,,,,
Frequency (Hz.),S11,S21,S12,S22,,Zin,Zout
2000000,-0.999212+0.00109085i,0.978728-0.0927482i,0.978728-0.0927482i,-0.999212+0.00109085i,,0.0196928728468277+0.0272927443264371i,0.0196928728468277+0.0272927443264371i
2140703,-0.99001-0.00316396i,0.982107-0.116375i,0.982107-0.116375i,-0.99001-0.00316396i,,0.250876737077165-0.079894957292196i,0.250876737077165-0.079894957292196i
2281407,-0.997095+0.00859997i,0.952502-0.119898i,0.952502-0.119898i,-0.997095+0.00859997i,,0.071802124712776+0.215621187834563i,0.071802124712776+0.215621187834563i
2422110,-0.986973-0.00639389i,0.973838-0.135649i,0.973838-0.135649i,-0.986973-0.00639389i,,0.327289057061811-0.161948426188507i,0.327289057061811-0.161948426188507i
2562814,-0.992534+0.017667i,0.980621-0.124095i,0.980621-0.124095i,-0.992534+0.017667i,,0.183404127708901+0.444956121563915i,0.183404127708901+0.444956121563915i
2703517,-0.994708+0.0085233i,0.958575-0.156589i,0.958575-0.156589i,-0.994708+0.0085233i,,0.131735681528635+0.214210712913556i,0.131735681528635+0.214210712913556i
2844221,-0.990531+0.000874445i,0.982869-0.149457i,0.982869-0.149457i,-0.990531+0.000874445i,,0.237841410832521+0.0220696031523726i,0.237841410832521+0.0220696031523726i
2984924,-0.993346-0.00858188i,0.956984-0.15415i,0.956984-0.15415i,-0.993346-0.00858188i,,0.165975452770451-0.215977748679166i,0.165975452770451-0.215977748679166i
3125628,-1.00405+0.00981814i,0.96002-0.164281i,0.96002-0.164281i,-1.00405+0.00981814i,,-0.102243012252266+0.244456557367175i,-0.102243012252266+0.244456557367175i
3266331,-1.00168+0.0010292i,0.956787-0.173385i,0.956787-0.173385i,-1.00168+0.0010292i,,-0.0419779569543524+0.025686821213532i,-0.0419779569543524+0.025686821213532i
3407035,-1.00082+0.00327285i,0.970523-0.190295i,0.970523-0.190295i,-1.00082+0.00327285i,,-0.0206253278707679+0.081753979066422i,-0.0206253278707679+0.081753979066422i
3547738,-0.997502+0.000564464i,0.942553-0.20239i,0.942553-0.20239i,-0.997502+0.000564464i,,0.0625240998884205+0.0141469157995934i,0.0625240998884205+0.0141469157995934i
3688442,-0.997749+0.00228568i,0.969338-0.198624i,0.969338-0.198624i,-0.997749+0.00228568i,,0.0562728838049035+0.0572707691532095i,0.0562728838049035+0.0572707691532095i
3829145,-1.00216+0.00697111i,0.941-0.213839i,0.941-0.213839i,-1.00216+0.00697111i,,-0.0545472263507355+0.173899810846742i,-0.0545472263507355+0.173899810846742i
3969849,-0.997422+0.00431477i,0.95177-0.21393i,0.95177-0.21393i,-0.997422+0.00431477i,,0.0642995666256505+0.108147370881611i,0.0642995666256505+0.108147370881611i
4110552,-0.994446+0.00589483i,0.934724-0.236806i,0.934724-0.236806i,-0.994446+0.00589483i,,0.138798662404815+0.148191374707113i,0.138798662404815+0.148191374707113i
4251256,-0.995907+0.00172357i,0.935042-0.236945i,0.935042-0.236945i,-0.995907+0.00172357i,,0.1024974749851+0.0432661249111106i,0.1024974749851+0.0432661249111106i
4391959,-0.99915+0.00958378i,0.933734-0.242021i,0.933734-0.242021i,-0.99915+0.00958378i,,0.020109485933929+0.239792774373661i,0.020109485933929+0.239792774373661i
4532663,-1.00036+0.0172865i,0.923012-0.255568i,0.923012-0.255568i,-1.00036+0.0172865i,,-0.0127313737140057+0.431974704107407i,-0.0127313737140057+0.431974704107407i
4673366,-0.993399+0.00572795i,0.918809-0.263888i,0.918809-0.263888i,-0.993399+0.00572795i,,0.165157266678953+0.144147515156612i,0.165157266678953+0.144147515156612i
4814070,-0.999028+0.00470084i,0.929832-0.260793i,0.929832-0.260793i,-0.999028+0.00470084i,,0.0240351902372864+0.117634663238171i,0.0240351902372864+0.117634663238171i
4954773,-0.995828+0.00888088i,0.916388-0.265859i,0.916388-0.265859i,-0.995828+0.00888088i,,0.103525973434836+0.222946767831175i,0.103525973434836+0.222946767831175i
5095477,-0.9951+0.00909349i,0.91926-0.271391i,0.91926-0.271391i,-0.9951+0.00909349i,,0.121759604572706+0.228450563754491i,0.121759604572706+0.228450563754491i
5236180,-0.996752+0.00942355i,0.91815-0.285101i,0.91815-0.285101i,-0.996752+0.00942355i,,0.0802166412312385+0.236350546051525i,0.0802166412312385+0.236350546051525i
5376884,-0.999853+0.00979651i,0.912889-0.284851i,0.912889-0.284851i,-0.999853+0.00979651i,,0.00247538926232575+0.244942878389392i,0.00247538926232575+0.244942878389392i
5517587,-0.996762+0.00992445i,0.903335-0.295064i,0.903335-0.295064i,-0.996762+0.00992445i,,0.0798441180165485+0.248910440481664i,0.0798441180165485+0.248910440481664i
5658291,-0.993572+0.0104282i,0.905785-0.296682i,0.905785-0.296682i,-0.993572+0.0104282i,,0.159845659286166+0.26238174618432i,0.159845659286166+0.26238174618432i
5798994,-0.99635+0.00988294i,0.89505-0.298627i,0.89505-0.298627i,-0.99635+0.00988294i,,0.0901892505875645+0.247971715857541i,0.0901892505875645+0.247971715857541i
5939698,-0.999433+0.00952438i,0.899251-0.297156i,0.899251-0.297156i,-0.999433+0.00952438i,,0.0130441578754926+0.238239159559928i,0.0130441578754926+0.238239159559928i
6080402,-0.996019+0.0101592i,0.891882-0.308035i,0.891882-0.308035i,-0.996019+0.0101592i,,0.0984256817345245+0.254987515743025i,0.0984256817345245+0.254987515743025i
6221105,-0.996553+0.00858589i,0.891439-0.311616i,0.891439-0.311616i,-0.996553+0.00858589i,,0.0853975463983915+0.215385073143386i,0.0853975463983915+0.215385073143386i
6361809,-0.997844+0.0100133i,0.892365-0.312091i,0.892365-0.312091i,-0.997844+0.0100133i,,0.0527008092637155+0.25086678890514i,0.0527008092637155+0.25086678890514i
6502512,-0.995519+0.0119232i,0.884958-0.308539i,0.884958-0.308539i,-0.995519+0.0119232i,,0.110487587706575+0.2994095098096i,0.110487587706575+0.2994095098096i
6643216,-0.994287+0.00965689i,0.878833-0.308463i,0.878833-0.308463i,-0.994287+0.00965689i,,0.142058435098945+0.242801734495247i,0.142058435098945+0.242801734495247i
6783919,-0.996945+0.0135983i,0.885043-0.313447i,0.885043-0.313447i,-0.996945+0.0135983i,,0.0741699023868435+0.340982643279423i,0.0741699023868435+0.340982643279423i
6924623,-0.999769+0.00739878i,0.886636-0.308874i,0.886636-0.308874i,-0.999769+0.00739878i,,0.00509116498501965+0.18500970282551i,0.00509116498501965+0.18500970282551i
7065326,-0.999162+0.00828588i,0.886211-0.311797i,0.886211-0.311797i,-0.999162+0.00828588i,,0.0200995192390705+0.207317136982632i,0.0200995192390705+0.207317136982632i
7206030,-0.992308+0.0194568i,0.884025-0.305059i,0.884025-0.305059i,-0.992308+0.0194568i,,0.188255787906092+0.490136492557442i,0.188255787906092+0.490136492557442i
7346733,-0.9902+0.0202803i,0.874925-0.309213i,0.874925-0.309213i,-0.9902+0.0202803i,,0.240989499660608+0.51195977256053i,0.240989499660608+0.51195977256053i
7487437,-0.995522+0.012754i,0.87496-0.30904i,0.87496-0.30904i,-0.995522+0.012754i,,0.110154276585812+0.320269537315838i,0.110154276585812+0.320269537315838i
7628140,-0.993878+0.0143586i,0.873925-0.306052i,0.873925-0.306052i,-0.993878+0.0143586i,,0.150919130646745+0.361153986066i,0.150919130646745+0.361153986066i
7768844,-0.99132+0.0151138i,0.870988-0.310492i,0.870988-0.310492i,-0.99132+0.0151138i,,0.2150532133678+0.381124214719984i,0.2150532133678+0.381124214719984i
7909547,-0.992078+0.0147309i,0.865522-0.303934i,0.865522-0.303934i,-0.992078+0.0147309i,,0.196092763532313+0.371187083482834i,0.196092763532313+0.371187083482834i
8050251,-0.992128+0.0150241i,0.861849-0.304764i,0.861849-0.304764i,-0.992128+0.0150241i,,0.194722702514852+0.378555260181501i,0.194722702514852+0.378555260181501i
8190954,-0.992786+0.0151895i,0.857102-0.313173i,0.857102-0.313173i,-0.992786+0.0151895i,,0.178087600992434+0.382469598649967i,0.178087600992434+0.382469598649967i
8331658,-0.99158+0.0149622i,0.853599-0.317793i,0.853599-0.317793i,-0.99158+0.0149622i,,0.208556126020029+0.377203254937656i,0.208556126020029+0.377203254937656i
8472361,-0.993841+0.016107i,0.859084-0.315987i,0.859084-0.315987i,-0.993841+0.016107i,,0.151177755788592+0.405140139114647i,0.151177755788592+0.405140139114647i
8613065,-0.991809+0.0152219i,0.849374-0.31618i,0.849374-0.31618i,-0.991809+0.0152219i,,0.202685068881767+0.383661411234717i,0.202685068881767+0.383661411234717i
8753768,-0.991442+0.014952i,0.849537-0.318878i,0.849537-0.318878i,-0.991442+0.014952i,,0.212038874464763+0.376998378687904i,0.212038874464763+0.376998378687904i
8894472,-0.993308+0.0149845i,0.848197-0.322692i,0.848197-0.322692i,-0.993308+0.0149845i,,0.165026771678624+0.377110734347235i,0.165026771678624+0.377110734347235i
9035175,-0.990921+0.0135275i,0.845589-0.324839i,0.845589-0.324839i,-0.990921+0.0135275i,,0.225691306827921+0.341263183799415i,0.225691306827921+0.341263183799415i
9175879,-0.99193+0.0149362i,0.839929-0.325509i,0.839929-0.325509i,-0.99193+0.0149362i,,0.199744861537266+0.376415551350144i,0.199744861537266+0.376415551350144i
9316582,-0.990185+0.0160764i,0.835616-0.331924i,0.835616-0.331924i,-0.990185+0.0160764i,,0.243306663749928+0.405857493272791i,0.243306663749928+0.405857493272791i
9457286,-0.991654+0.0133316i,0.830342-0.331658i,0.830342-0.331658i,-0.991654+0.0133316i,,0.207274754888121+0.336074089235513i,0.207274754888121+0.336074089235513i
9597989,-0.990554+0.0170766i,0.799978-0.336517i,0.799978-0.336517i,-0.990554+0.0170766i,,0.233573633365095+0.430944673446449i,0.233573633365095+0.430944673446449i
9738693,-0.990266+0.0160016i,0.818814-0.345175i,0.818814-0.345175i,-0.990266+0.0160016i,,0.241292555780681+0.403936492388746i,0.241292555780681+0.403936492388746i
9879396,-0.990656+0.0155139i,0.813891-0.349849i,0.813891-0.349849i,-0.990656+0.0155139i,,0.231645609264227+0.391473326791553i,0.231645609264227+0.391473326791553i
10020100,-0.990405+0.0164411i,0.810943-0.358947i,0.810943-0.358947i,-0.990405+0.0164411i,,0.237603608869159+0.414971558398305i,0.237603608869159+0.414971558398305i
10160804,-0.990922+0.0151158i,0.803576-0.361372i,0.803576-0.361372i,-0.990922+0.0151158i,,0.225089650222194+0.381327048540741i,0.225089650222194+0.381327048540741i
10301507,-0.988621+0.0134794i,0.801953-0.369702i,0.801953-0.369702i,-0.988621+0.0134794i,,0.283792499187121+0.340836867665353i,0.283792499187121+0.340836867665353i
10442211,-0.989066+0.0147062i,0.795332-0.375146i,0.795332-0.375146i,-0.989066+0.0147062i,,0.272104537730597+0.371687829238836i,0.272104537730597+0.371687829238836i
10582914,-0.987123+0.0179544i,0.790558-0.381304i,0.790558-0.381304i,-0.987123+0.0179544i,,0.319903130115759+0.454659157364366i,0.319903130115759+0.454659157364366i
10723618,-0.985043+0.0194962i,0.777433-0.403861i,0.777433-0.403861i,-0.985043+0.0194962i,,0.371883452935027+0.494729995357839i,0.371883452935027+0.494729995357839i
10864321,-0.988133+0.013667i,0.780477-0.394333i,0.780477-0.394333i,-0.988133+0.013667i,,0.296069045147984+0.345749693627156i,0.296069045147984+0.345749693627156i
11005025,-0.991045+0.0145938i,0.775826-0.400107i,0.775826-0.400107i,-0.991045+0.0145938i,,0.222183733078615+0.368114485088887i,0.222183733078615+0.368114485088887i
11145728,-0.988189+0.0149046i,0.768414-0.410905i,0.768414-0.410905i,-0.988189+0.0149046i,,0.294202642774097+0.377034061001992i,0.294202642774097+0.377034061001992i
11286432,-0.988358+0.0144321i,0.759622-0.416542i,0.759622-0.416542i,-0.988358+0.0144321i,,0.290104691821841+0.365020695429516i,0.290104691821841+0.365020695429516i
11427135,-0.989432+0.0128674i,0.753004-0.422219i,0.753004-0.422219i,-0.989432+0.0128674i,,0.263500754319393+0.325098103180269i,0.263500754319393+0.325098103180269i
11567839,-0.989081+0.0132005i,0.743168-0.42958i,0.743168-0.42958i,-0.989081+0.0132005i,,0.272259352336233+0.333630937895699i,0.272259352336233+0.333630937895699i
11708542,-0.988167+0.0159933i,0.740853-0.432448i,0.740853-0.432448i,-0.988167+0.0159933i,,0.294331126574963+0.404579859743498i,0.294331126574963+0.404579859743498i
11849246,-0.987301+0.0158834i,0.732116-0.438676i,0.732116-0.438676i,-0.987301+0.0158834i,,0.316289523050645+0.40215033002571i,0.316289523050645+0.40215033002571i
11989949,-0.986535+0.0155466i,0.72664-0.442694i,0.72664-0.442694i,-0.986535+0.0155466i,,0.335823816613513+0.393927576683705i,0.335823816613513+0.393927576683705i
12130653,-0.987249+0.0146513i,0.721218-0.448118i,0.721218-0.448118i,-0.987249+0.0146513i,,0.318085298930189+0.370977850858255i,0.318085298930189+0.370977850858255i
12271356,-0.987909+0.0138239i,0.715185-0.454498i,0.715185-0.454498i,-0.987909+0.0138239i,,0.301681030500499+0.349797404407111i,0.301681030500499+0.349797404407111i
12412060,-0.987792+0.0149919i,0.712022-0.46105i,0.712022-0.46105i,-0.987792+0.0149919i,,0.304213000063148+0.379393684487938i,0.304213000063148+0.379393684487938i
12552763,-0.987752+0.0143667i,0.702529-0.464851i,0.702529-0.464851i,-0.987752+0.0143667i,,0.305458847733361+0.36358833276371i,0.305458847733361+0.36358833276371i
12693467,-0.988404+0.0144706i,0.695513-0.467786i,0.695513-0.467786i,-0.988404+0.0144706i,,0.2889272437881+0.365977412323633i,0.2889272437881+0.365977412323633i
12834170,-0.985394+0.0158197i,0.690581-0.471083i,0.690581-0.471083i,-0.985394+0.0158197i,,0.364638674221395+0.401307485785985i,0.364638674221395+0.401307485785985i
12974874,-0.986585+0.0144455i,0.682982-0.479622i,0.682982-0.479622i,-0.986585+0.0144455i,,0.334978253537713+0.366011989600988i,0.334978253537713+0.366011989600988i
13115577,-0.985806+0.0160521i,0.678307-0.480873i,0.678307-0.480873i,-0.985806+0.0160521i,,0.35409615150742+0.407033208094654i,0.35409615150742+0.407033208094654i
13256281,-0.986391+0.0140627i,0.674065-0.482776i,0.674065-0.482776i,-0.986391+0.0140627i,,0.340032897422721+0.356383401166531i,0.340032897422721+0.356383401166531i
13396984,-0.986921+0.0132315i,0.668765-0.487993i,0.668765-0.487993i,-0.986921+0.0132315i,,0.326895518756166+0.335141818953256i,0.326895518756166+0.335141818953256i
13537688,-0.985617+0.0144187i,0.664634-0.491806i,0.664634-0.491806i,-0.985617+0.0144187i,,0.359524135740354+0.365689289855999i,0.359524135740354+0.365689289855999i
13678391,-0.986455+0.0135811i,0.65449-0.496057i,0.65449-0.496057i,-0.986455+0.0135811i,,0.338581021543759+0.344157457738377i,0.338581021543759+0.344157457738377i
13819095,-0.984947+0.0162099i,0.652835-0.499044i,0.652835-0.499044i,-0.984947+0.0162099i,,0.375819310097897+0.411389822214274i,0.375819310097897+0.411389822214274i
13959798,-0.984622+0.0163462i,0.648406-0.504273i,0.648406-0.504273i,-0.984622+0.0163462i,,0.384010951412019+0.41498437476455i,0.384010951412019+0.41498437476455i
14100502,-0.984036+0.0155556i,0.643921-0.507021i,0.643921-0.507021i,-0.984036+0.0155556i,,0.399213128680042+0.39514907982743i,0.399213128680042+0.39514907982743i
14241206,-0.985376+0.0137105i,0.634492-0.512956i,0.634492-0.512956i,-0.985376+0.0137105i,,0.365891043451521+0.347813990473966i,0.365891043451521+0.347813990473966i
14381909,-0.98506+0.0152638i,0.628023-0.516805i,0.628023-0.516805i,-0.98506+0.0152638i,,0.373332672856189+0.387337649870504i,0.373332672856189+0.387337649870504i
14522613,-0.985467+0.0147468i,0.622603-0.524265i,0.622603-0.524265i,-0.985467+0.0147468i,,0.363206097268778+0.374066215996137i,0.363206097268778+0.374066215996137i
14663316,-0.984579+0.0145761i,0.607005-0.532896i,0.607005-0.532896i,-0.984579+0.0145761i,,0.385802659830245+0.370067655734517i,0.385802659830245+0.370067655734517i
14804020,-0.984049+0.0151048i,0.603201-0.535364i,0.603201-0.535364i,-0.984049+0.0151048i,,0.399059891512201+0.383694011513482i,0.399059891512201+0.383694011513482i
14944723,-0.9848+0.0146375i,0.59164-0.539694i,0.59164-0.539694i,-0.9848+0.0146375i,,0.380170057708935+0.371543600977285i,0.380170057708935+0.371543600977285i
15085427,-0.983813+0.0137814i,0.584077-0.543211i,0.584077-0.543211i,-0.983813+0.0137814i,,0.405544401756246+0.350163533366483i,0.405544401756246+0.350163533366483i
15226130,-0.983816+0.0135959i,0.577996-0.53651i,0.577996-0.53651i,-0.983816+0.0135959i,,0.40553322525182+0.345449673345311i,0.40553322525182+0.345449673345311i
15366834,-0.984471+0.0137273i,0.577237-0.533621i,0.577237-0.533621i,-0.984471+0.0137273i,,0.388851861394676+0.348557820273979i,0.388851861394676+0.348557820273979i
15507537,-0.982692+0.0138075i,0.578211-0.531683i,0.578211-0.531683i,-0.982692+0.0138075i,,0.434031348524927+0.351223431498567i,0.434031348524927+0.351223431498567i
15648241,-0.982734+0.0143168i,0.578113-0.532711i,0.578113-0.532711i,-0.982734+0.0143168i,,0.432779368337514+0.364161816794696i,0.432779368337514+0.364161816794696i
15788944,-0.983457+0.0147347i,0.578205-0.528521i,0.578205-0.528521i,-0.983457+0.0147347i,,0.414242205208511+0.374517186216332i,0.414242205208511+0.374517186216332i
15929648,-0.983725+0.0141211i,0.570793-0.529344i,0.570793-0.529344i,-0.983725+0.0141211i,,0.407658816541646+0.358825739915697i,0.407658816541646+0.358825739915697i
16070351,-0.984279+0.0146359i,0.571042-0.530944i,0.571042-0.530944i,-0.984279+0.0146359i,,0.393397230865244+0.371698094134555i,0.393397230865244+0.371698094134555i
16211055,-0.984315+0.0138595i,0.570631-0.530619i,0.570631-0.530619i,-0.984315+0.0138595i,,0.392766207695635+0.351969593162153i,0.392766207695635+0.351969593162153i
16351758,-0.983123+0.0137031i,0.566153-0.528599i,0.566153-0.528599i,-0.983123+0.0137031i,,0.423108205105984+0.348416560165651i,0.423108205105984+0.348416560165651i
16492462,-0.987331+0.0155751i,0.560588-0.528307i,0.560588-0.528307i,-0.987331+0.0155751i,,0.315653615399905+0.394333574339259i,0.315653615399905+0.394333574339259i
16633165,-0.98354+0.0143045i,0.55895-0.529776i,0.55895-0.529776i,-0.98354+0.0143045i,,0.412292946383678+0.363553366431504i,0.412292946383678+0.363553366431504i
16773869,-0.9836+0.0135831i,0.556038-0.529651i,0.556038-0.529651i,-0.9836+0.0135831i,,0.411025972354909+0.345199640494602i,0.411025972354909+0.345199640494602i
16914572,-0.983547+0.0137772i,0.553094-0.524034i,0.553094-0.524034i,-0.983547+0.0137772i,,0.412304777015099+0.350150717564994i,0.412304777015099+0.350150717564994i
17055276,-0.983783+0.0138648i,0.548077-0.528565i,0.548077-0.528565i,-0.983783+0.0138648i,,0.406277061258252+0.352293043240583i,0.406277061258252+0.352293043240583i
17195979,-0.984213+0.0136138i,0.547643-0.528879i,0.547643-0.528879i,-0.984213+0.0136138i,,0.3954428331177+0.345766044089772i,0.3954428331177+0.345766044089772i
17336683,-0.984065+0.0135799i,0.542796-0.528715i,0.542796-0.528715i,-0.984065+0.0135799i,,0.399213495587333+0.344956581235356i,0.399213495587333+0.344956581235356i
17477386,-0.984245+0.0134007i,0.539762-0.529116i,0.539762-0.529116i,-0.984245+0.0134007i,,0.394703861054187+0.340343207633547i,0.394703861054187+0.340343207633547i
17618090,-0.984468+0.0133061i,0.535708-0.527211i,0.535708-0.527211i,-0.984468+0.0133061i,,0.389073714489735+0.337864885577581i,0.389073714489735+0.337864885577581i
17758793,-0.984483+0.0133109i,0.532551-0.528395i,0.532551-0.528395i,-0.984483+0.0133109i,,0.388691241049686+0.337981645718551i,0.388691241049686+0.337981645718551i
17899497,-0.984314+0.0125383i,0.52944-0.529252i,0.52944-0.529252i,-0.984314+0.0125383i,,0.393237941575317+0.318420136774146i,0.393237941575317+0.318420136774146i
18040201,-0.985006+0.0129303i,0.526262-0.529433i,0.526262-0.529433i,-0.985006+0.0129303i,,0.375543942702576+0.328145555148109i,0.375543942702576+0.328145555148109i
18180904,-0.984913+0.01294i,0.521154-0.526883i,0.521154-0.526883i,-0.984913+0.01294i,,0.377900801293534+0.328422473110277i,0.377900801293534+0.328422473110277i
18321608,-0.98437+0.0127892i,0.517513-0.529076i,0.517513-0.529076i,-0.98437+0.0127892i,,0.391734612005376+0.324773087831332i,0.391734612005376+0.324773087831332i
18462311,-0.984719+0.0124444i,0.513073-0.530026i,0.513073-0.530026i,-0.984719+0.0124444i,,0.38298556656556+0.315906697917724i,0.38298556656556+0.315906697917724i
18603015,-0.985296+0.0112538i,0.51001-0.531063i,0.51001-0.531063i,-0.985296+0.0112538i,,0.368704127031899+0.285518795436444i,0.368704127031899+0.285518795436444i
18743718,-0.985612+0.0126764i,0.505478-0.530929i,0.505478-0.530929i,-0.985612+0.0126764i,,0.360253895436354+0.321506277399668i,0.360253895436354+0.321506277399668i
18884422,-0.985883+0.012468i,0.500322-0.530829i,0.500322-0.530829i,-0.985883+0.012468i,,0.353449035429955+0.316134839048293i,0.353449035429955+0.316134839048293i
19025125,-0.985559+0.0128124i,0.496594-0.53244i,0.496594-0.53244i,-0.985559+0.0128124i,,0.361553759122727+0.324972650716188i,0.361553759122727+0.324972650716188i
19165829,-0.985452+0.0121478i,0.490388-0.530967i,0.490388-0.530967i,-0.985452+0.0121478i,,0.364479550155209+0.308150297604462i,0.364479550155209+0.308150297604462i
19306532,-0.98715+0.0117948i,0.488537-0.532777i,0.488537-0.532777i,-0.98715+0.0117948i,,0.321554520580131+0.298685389255636i,0.321554520580131+0.298685389255636i
19447236,-0.988737+0.0109174i,0.485857-0.534941i,0.485857-0.534941i,-0.988737+0.0109174i,,0.281654388582761+0.276026912367957i,0.281654388582761+0.276026912367957i
19587939,-0.987424+0.0114377i,0.483648-0.533292i,0.483648-0.533292i,-0.987424+0.0114377i,,0.314723010201435+0.289563126627122i,0.314723010201435+0.289563126627122i
19728643,-0.986837+0.0120401i,0.477193-0.535479i,0.477193-0.535479i,-0.986837+0.0120401i,,0.329406919393548+0.304992856610879i,0.329406919393548+0.304992856610879i
19869346,-0.987328+0.0132324i,0.473285-0.538851i,0.473285-0.538851i,-0.987328+0.0132324i,,0.316589301853965+0.335027351437635i,0.316589301853965+0.335027351437635i
20010050,-0.98673+0.0120783i,0.465738-0.538411i,0.465738-0.538411i,-0.98673+0.0120783i,,0.33210558047496+0.305993401636181i,0.33210558047496+0.305993401636181i
20150753,-0.985679+0.0127132i,0.463022-0.537921i,0.463022-0.537921i,-0.985679+0.0127132i,,0.358542865287545+0.322417786135107i,0.358542865287545+0.322417786135107i
20291457,-0.986021+0.0127818i,0.458137-0.539733i,0.458137-0.539733i,-0.986021+0.0127818i,,0.349849327765061+0.324045769978075i,0.349849327765061+0.324045769978075i
20432160,-0.987107+0.0119047i,0.450655-0.541246i,0.450655-0.541246i,-0.987107+0.0119047i,,0.322610184410046+0.30148128785332i,0.322610184410046+0.30148128785332i
20572864,-0.987415+0.011028i,0.439826-0.544537i,0.439826-0.544537i,-0.987415+0.011028i,,0.31506808960699+0.279194114411024i,0.31506808960699+0.279194114411024i
20713567,-0.988101+0.0105249i,0.440808-0.545534i,0.440808-0.545534i,-0.988101+0.0105249i,,0.297845779346373+0.266274096257203i,0.297845779346373+0.266274096257203i
20854271,-0.987594+0.011441i,0.434675-0.550441i,0.434675-0.550441i,-0.987594+0.011441i,,0.310418888024885+0.28959712219794i,0.310418888024885+0.28959712219794i
20994974,-0.987465+0.0115569i,0.426514-0.550898i,0.426514-0.550898i,-0.987465+0.0115569i,,0.313650209745745+0.292568585665162i,0.313650209745745+0.292568585665162i
21135678,-0.987717+0.0114305i,0.422115-0.55321i,0.422115-0.55321i,-0.987717+0.0114305i,,0.307308941436919+0.289295556085245i,0.307308941436919+0.289295556085245i
21276381,-0.987559+0.0115301i,0.419871-0.553613i,0.419871-0.553613i,-0.987559+0.0115301i,,0.311278706896201+0.291862568416024i,0.311278706896201+0.291862568416024i
21417085,-0.987316+0.0114193i,0.410405-0.555894i,0.410405-0.555894i,-0.987316+0.0114193i,,0.317462523330074+0.289128754457099i,0.317462523330074+0.289128754457099i
21557788,-0.987756+0.0109591i,0.406129-0.556442i,0.406129-0.556442i,-0.987756+0.0109591i,,0.306456346762468+0.277354708399725i,0.306456346762468+0.277354708399725i
21698492,-0.987971+0.0107454i,0.398274-0.559918i,0.398274-0.559918i,-0.987971+0.0107454i,,0.301075043971284+0.271887855395018i,0.301075043971284+0.271887855395018i
21839195,-0.987767+0.0109399i,0.393733-0.559998i,0.393733-0.559998i,-0.987767+0.0109399i,,0.306183328481705+0.276865756899705i,0.306183328481705+0.276865756899705i
21979899,-0.988619+0.0101435i,0.386121-0.562173i,0.386121-0.562173i,-0.988619+0.0101435i,,0.284845048823467+0.25649172906059i,0.284845048823467+0.25649172906059i
22120603,-0.988288+0.0106313i,0.380786-0.562736i,0.380786-0.562736i,-0.988288+0.0106313i,,0.293086857476621+0.268915214650941i,0.293086857476621+0.268915214650941i
22261306,-0.987961+0.0104474i,0.37484-0.56672i,0.37484-0.56672i,-0.987961+0.0104474i,,0.301408439210006+0.264350726461838i,0.301408439210006+0.264350726461838i
22402010,-0.987521+0.010272i,0.370786-0.566633i,0.370786-0.566633i,-0.987521+0.010272i,,0.312589901365112+0.260027905851974i,0.312589901365112+0.260027905851974i
22542713,-0.988346+0.00928151i,0.364657-0.569137i,0.364657-0.569137i,-0.988346+0.00928151i,,0.291961794842112+0.234760623311257i,0.291961794842112+0.234760623311257i
22683417,-0.987724+0.0102947i,0.359471-0.572096i,0.359471-0.572096i,-0.987724+0.0102947i,,0.307445964978667+0.260549283489894i,0.307445964978667+0.260549283489894i
22824120,-0.987911+0.0100885i,0.351597-0.571374i,0.351597-0.571374i,-0.987911+0.0100885i,,0.302767367131506+0.255282791122593i,0.302767367131506+0.255282791122593i
22964824,-0.987801+0.00967894i,0.345135-0.573567i,0.345135-0.573567i,-0.987801+0.00967894i,,0.305653923631235+0.244946755730373i,0.305653923631235+0.244946755730373i
23105527,-0.987133+0.0101967i,0.339935-0.57521i,0.339935-0.57521i,-0.987133+0.0101967i,,0.322432862367267+0.258222651009118i,0.322432862367267+0.258222651009118i
23246231,-0.988448+0.00943423i,0.336568-0.574309i,0.336568-0.574309i,-0.988448+0.00943423i,,0.289345763273998+0.238598773757349i,0.289345763273998+0.238598773757349i
23386934,-0.988604+0.00909129i,0.330512-0.576372i,0.330512-0.576372i,-0.988604+0.00909129i,,0.285481676898746+0.229889860783933i,0.285481676898746+0.229889860783933i
23527638,-0.987737+0.0096234i,0.324115-0.577451i,0.324115-0.577451i,-0.987737+0.0096234i,,0.307287208575501+0.243556943259096i,0.307287208575501+0.243556943259096i
23668341,-0.988308+0.00888452i,0.320939-0.577522i,0.320939-0.577522i,-0.988308+0.00888452i,,0.293014661687424+0.224728409593511i,0.293014661687424+0.224728409593511i
23809045,-0.988047+0.00900019i,0.315855-0.579772i,0.315855-0.579772i,-0.988047+0.00900019i,,0.299590770195366+0.22771386886427i,0.299590770195366+0.22771386886427i
23949748,-0.988945+0.00845825i,0.310955-0.583233i,0.310955-0.583233i,-0.988945+0.00845825i,,0.277001900658937+0.213809557994942i,0.277001900658937+0.213809557994942i
24090452,-0.988895+0.00784495i,0.301621-0.580933i,0.301621-0.580933i,-0.988895+0.00784495i,,0.278392883427705+0.198316893677567i,0.278392883427705+0.198316893677567i
24231155,-0.987609+0.00889152i,0.300389-0.581574i,0.300389-0.581574i,-0.987609+0.00889152i,,0.310699358785626+0.225063676790873i,0.310699358785626+0.225063676790873i
24371859,-0.988518+0.00844064i,0.294111-0.581282i,0.294111-0.581282i,-0.988518+0.00844064i,,0.28780141502197+0.213456065338956i,0.28780141502197+0.213456065338956i
24512562,-0.989395+0.00783605i,0.295552-0.579116i,0.295552-0.579116i,-0.989395+0.00783605i,,0.265758445167885+0.197992352682226i,0.265758445167885+0.197992352682226i
24653266,-0.988258+0.00834773i,0.290207-0.579676i,0.290207-0.579676i,-0.988258+0.00834773i,,0.294397044392525+0.211161754178476i,0.294397044392525+0.211161754178476i
24793969,-0.988525+0.00749076i,0.288493-0.578102i,0.288493-0.578102i,-0.988525+0.00749076i,,0.287816847370333+0.189433860236913i,0.287816847370333+0.189433860236913i
24934673,-0.988322+0.00812128i,0.283877-0.580081i,0.283877-0.580081i,-0.988322+0.00812128i,,0.292825670349493+0.205420509987867i,0.292825670349493+0.205420509987867i
25075376,-0.987592+0.00840073i,0.28162-0.579907i,0.28162-0.579907i,-0.987592+0.00840073i,,0.311237733076615+0.212644810484943i,0.311237733076615+0.212644810484943i
25216080,-0.988493+0.00789872i,0.276219-0.581394i,0.276219-0.581394i,-0.988493+0.00789872i,,0.288546238977465+0.199756874149789i,0.288546238977465+0.199756874149789i
25356783,-0.988797+0.00713114i,0.270752-0.581548i,0.270752-0.581548i,-0.988797+0.00713114i,,0.281006218492088+0.18029034370272i,0.281006218492088+0.18029034370272i
25497487,-0.987463+0.00789464i,0.265862-0.580933i,0.265862-0.580933i,-0.987463+0.00789464i,,0.314608207465517+0.199860685979556i,0.314608207465517+0.199860685979556i
25638190,-0.988841+0.00749169i,0.262399-0.579898i,0.262399-0.579898i,-0.988841+0.00749169i,,0.279826841383513+0.189397179537894i,0.279826841383513+0.189397179537894i
25778894,-0.988658+0.0073934i,0.258152-0.579207i,0.258152-0.579207i,-0.988658+0.0073934i,,0.284472155419091+0.186946783425745i,0.284472155419091+0.186946783425745i
25919597,-0.988308+0.0076102i,0.250004-0.581484i,0.250004-0.581484i,-0.988308+0.0076102i,,0.293282059243635+0.192496300938917i,0.293282059243635+0.192496300938917i
26060301,-0.989231+0.00681467i,0.247368-0.578766i,0.247368-0.578766i,-0.989231+0.00681467i,,0.270092521253696+0.172214333781151i,0.270092521253696+0.172214333781151i
26201005,-0.98982+0.00740935i,0.248593-0.5808i,0.248593-0.5808i,-0.98982+0.00740935i,,0.255105224832873+0.187131330420649i,0.255105224832873+0.187131330420649i
26341708,-0.98821+0.00741472i,0.242229-0.578687i,0.242229-0.578687i,-0.98821+0.00741472i,,0.295798340373336+0.187570358196736i,0.295798340373336+0.187570358196736i
26482412,-0.988969+0.00736293i,0.241732-0.576791i,0.241732-0.576791i,-0.988969+0.00736293i,,0.276615485310096+0.186118134800117i,0.276615485310096+0.186118134800117i
26623115,-0.989804+0.0067343i,0.234768-0.577227i,0.234768-0.577227i,-0.989804+0.0067343i,,0.255630501439336+0.170085341312935i,0.255630501439336+0.170085341312935i
26763819,-0.988347+0.00766371i,0.230309-0.575935i,0.230309-0.575935i,-0.988347+0.00766371i,,0.292285224789313+0.193842165980118i,0.292285224789313+0.193842165980118i
26904522,-0.988923+0.00725538i,0.2297-0.574725i,0.2297-0.574725i,-0.988923+0.00725538i,,0.277798237913809+0.183408071493665i,0.277798237913809+0.183408071493665i
27045226,-0.988571+0.00752715i,0.227568-0.574335i,0.227568-0.574335i,-0.988571+0.00752715i,,0.286646663567579+0.190345294401695i,0.286646663567579+0.190345294401695i
27185929,-0.987508+0.00816398i,0.224286-0.573699i,0.224286-0.573699i,-0.987508+0.00816398i,,0.313413959897179+0.206669711669247i,0.313413959897179+0.206669711669247i
27326633,-0.988412+0.00752143i,0.223748-0.572133i,0.223748-0.572133i,-0.988412+0.00752143i,,0.290668729777864+0.190231071077932i,0.290668729777864+0.190231071077932i
27467336,-0.989044+0.00757215i,0.219088-0.571482i,0.219088-0.571482i,-0.989044+0.00757215i,,0.274680072381054+0.191392155583325i,0.274680072381054+0.191392155583325i
27608040,-0.987444+0.00858594i,0.2184-0.569354i,0.2184-0.569354i,-0.987444+0.00858594i,,0.314944076786083+0.217365163972741i,0.314944076786083+0.217365163972741i
27748743,-0.988043+0.00832491i,0.216309-0.569182i,0.216309-0.569182i,-0.988043+0.00832491i,,0.299840860370739+0.210630075997808i,0.299840860370739+0.210630075997808i
27889447,-0.98901+0.00769441i,0.215924-0.567279i,0.215924-0.567279i,-0.98901+0.00769441i,,0.27551572008973+0.194488932138006i,0.27551572008973+0.194488932138006i
28030150,-0.988303+0.00757231i,0.213413-0.564719i,0.213413-0.564719i,-0.988303+0.00757231i,,0.293415846679619+0.1915388830324i,0.293415846679619+0.1915388830324i
28170854,-0.988098+0.0075197i,0.213457-0.562719i,0.213457-0.562719i,-0.988098+0.0075197i,,0.298611736767632+0.190247397601613i,0.298611736767632+0.190247397601613i
28311557,-0.989424+0.0065888i,0.211544-0.5635i,0.211544-0.5635i,-0.989424+0.0065888i,,0.265254231875982+0.166474168946883i,0.265254231875982+0.166474168946883i
28452261,-0.988259+0.00746255i,0.211457-0.559889i,0.211457-0.559889i,-0.988259+0.00746255i,,0.294549798165482+0.188770976314605i,0.294549798165482+0.188770976314605i
28592964,-0.989008+0.00715286i,0.211272-0.55822i,0.211272-0.55822i,-0.989008+0.00715286i,,0.275668451360217+0.180801091719589i,0.275668451360217+0.180801091719589i
28733668,-0.988709+0.00728718i,0.210149-0.5564i,0.210149-0.5564i,-0.988709+0.00728718i,,0.283202482451508+0.184251565948599i,0.283202482451508+0.184251565948599i
28874371,-0.988453+0.00751878i,0.211579-0.554064i,0.211579-0.554064i,-0.988453+0.00751878i,,0.289632320858753+0.190156207715962i,0.289632320858753+0.190156207715962i
29015075,-0.988119+0.00765463i,0.213376-0.550831i,0.213376-0.550831i,-0.988119+0.00765463i,,0.298054406176546+0.193656917015104i,0.298054406176546+0.193656917015104i
29155778,-0.987423+0.00773067i,0.212491-0.549998i,0.212491-0.549998i,-0.987423+0.00773067i,,0.31565347267024+0.195717626711358i,0.31565347267024+0.195717626711358i
29296482,-0.987624+0.00771688i,0.21377-0.546608i,0.21377-0.546608i,-0.987624+0.00771688i,,0.310568130346945+0.195329004375934i,0.310568130346945+0.195329004375934i
29437185,-0.987519+0.00802405i,0.213354-0.545735i,0.213354-0.545735i,-0.987519+0.00802405i,,0.313164358491622+0.203125276523522i,0.313164358491622+0.203125276523522i
29577889,-0.987739+0.00809868i,0.213523-0.543716i,0.213523-0.543716i,-0.987739+0.00809868i,,0.30758063365556+0.204969061393963i,0.30758063365556+0.204969061393963i
29718592,-0.987205+0.00785674i,0.213549-0.540352i,0.213549-0.540352i,-0.987205+0.00785674i,,0.321147983664092+0.198952889213329i,0.321147983664092+0.198952889213329i
29859296,-0.986754+0.008223i,0.213761-0.539805i,0.213761-0.539805i,-0.986754+0.008223i,,0.332495603420973+0.208321770761217i,0.332495603420973+0.208321770761217i
29999999,-0.987231+0.00787939i,0.21258-0.533583i,0.21258-0.533583i,-0.987231+0.00787939i,,0.320485084320699+0.199521206627989i,0.320485084320699+0.199521206627989i
